path,bytes,sha256
audit/REPRODUCIBILITY_CHECK.txt,124,66ace86dac1ab78513207cb7ec8921c3c4f7681a16eb1d2b2ca1ed5acf6fead8
code/analysis/analyse_fixed_session_channel_loss.py,13276,415b5128c8b00ee3a84acb9955fcec6403d7d9cd12a86ef87dab7662b935a28c
code/analysis/analyse_grouped_inner_validation.py,8719,c7300699050ea4135a6cb8fb45d3ecf950e049762ca68c6a2fbcb8aef0cdeb7c
code/analysis/analyse_matched_fixation_ablation.py,12592,4bf5933630a64f0db3a946dd9c0ce809e13ef48243c53357a18a73fe7981fe9a
code/analysis/analyse_multiseed_per_class.py,8390,9c83c319d20c9c4eb574af1f61b6da38ee0104820f725adcbb8a7ebb07908f7f
code/analysis/analyse_repeated_sentence_partitions.py,13335,5f10eca5a043fce0c6ec035e6a07c17415e1663c968b20ed6cda3058e0777661
code/analysis/audit_split_overlap.py,8880,81f2f38b70a536741753cd525a818523ce005205d2dc6e0ac177640486641497
code/analysis/build_file_manifest.py,1415,855d98505839863ab29a2f227fe701f430a2916fb9f368ba73762e9231243665
code/analysis/build_report_outputs.py,2656,a482f070294527f2a1a0681d8c120ca2f54af460c5e4df7886631aec83a1795d
code/analysis/create_final_report_figures.py,17219,3450f23fae2b9461349bd39ecc30d6bbbe3ca91f32e8267e44e31a44fb129dd5
code/analysis/create_non_eeg_control_figure.py,4893,23c60d1b5055d8af55247b84ffd24499ff418b520b14a4ca41bc4c8cdb7f348f
code/analysis/export_non_eeg_controls.py,1466,7bb9cb31dd2b0c60b5b4d99b6d5fab883c0597ebbfc1d2a92bd919a603722d23
code/analysis/final_subject_level_analysis.py,15225,01fd2c95b979d4eb904c53cc8f0c6fae2a3c37cb976458e8b2bb30176d920ffa
code/analysis/run_nuisance_baseline.py,14113,c813fbd2a2df07911a4f1ba216057473097f108ba9e935d83b59ba1cdd2ead9b
code/csf_jobs/01_setup_environment.sbatch,1626,b3989de0eb9ebcedb1ca0886eea1f3a693441d205b95c3ee5bc4dbf0ccb55dbc
code/csf_jobs/02_validate_zuco2_complete_inventory.sbatch,1121,d9622cee90e109e4eb00edc00dd7394195fe1daa99151a92b99dedced9a0e4c1
code/csf_jobs/03_extract_all_fixations_512.sbatch,1563,b002d2be7bc3b7ce2c0471803bf1d4519471b699c469589c75cc0b2c6fd25514
code/csf_jobs/04a_run_all_fixations_eegnet_content_function.sbatch,2337,e9f5f2ecff0c21aa812a508f63a4453e76ab5d355390586fbb6eec959386a8bf
code/csf_jobs/04b_run_all_fixations_eegnet_coarse_pos.sbatch,2301,a32cabb7b1fd946c778e9ce08d27148c597f6169f807ad6bf0fd1519949b3387
code/csf_jobs/05a_run_tcn_content_function.sbatch,2436,19ccbfc276db0e1cc678f55b94f9e2b9e7caab65b9c985ece9ef7be6e61bcade
code/csf_jobs/05b_run_tcn_coarse_pos.sbatch,2394,6f8074e0edecd81d8641bf84ab3e7ee9cf883b3352622b6fabae1491dd9856c6
code/csf_jobs/06a_run_linear_baselines.sbatch,2558,d3178501ceb7777230b04adee72137a8c860d5722531e426043ae9b77c590801
code/csf_jobs/06b_run_eegnet_diagnostic_splits.sbatch,2884,8d816712e33c53d71ecf497ca4bba1c83be85ef32000e654f97825396b0f9498
code/csf_jobs/06c_analyse_eegnet_per_class.sbatch,1857,74f607a1f84fd971561cd4aba6502fec7ce71a03462755e91c1ace3edc418fdf
code/csf_jobs/07a_export_channel_labels.sbatch,1136,c4deba7e83dd0ea7912030cca430830b1a3a4cffea6835d52d60a1ad9e2460d3
code/csf_jobs/07b_run_structured_channel_loss_content_function.sbatch,2976,59dc898ca708450245ef72ad512e3179fcc22ae97eb2ce53dd7f99247d8f7f1c
code/csf_jobs/07c_run_structured_channel_loss_coarse_pos.sbatch,2928,089c041f600a496d360b519c14d7213a9814d0dae881ce38f3536dd09e161aca
code/csf_jobs/08_audit_split_overlap.sbatch,1576,efcfb3fec407927fa1d02541c581674feddbfca741e2c237d329e9cc75726d96
code/csf_jobs/09_run_non_eeg_controls.sbatch,2399,8a9473a7b37edf0eff555d53126f8c94b1280d3755da3634b74badb37ae28f89
code/csf_jobs/10a_smoke_grouped_inner_validation.sbatch,1802,bb38f7e97fbf62a8162e1acecaf4cf7c1a40b9aa684069b1309f97ec0434fe02
code/csf_jobs/10b_run_grouped_inner_validation.sbatch,2395,589608cf0e8ad219c2a40fb59557863ca2c2202d9deca4f0d9aa4e57f10e8edf
code/csf_jobs/10c_analyse_grouped_inner_validation.sbatch,1329,09ab0bea264ff74d0b3d01f6e1772e13762f9d96b0134e491472474be445f5bf
code/csf_jobs/11a_smoke_repeated_sentence_partitions.sbatch,2287,4b7f04b8f65b7e2e15ca572f72963b0178bf83951a629e4e385a8f30b2471f37
code/csf_jobs/11b_run_repeated_sentence_partitions.sbatch,2973,1f61831fdeda45ab51dfaec224f16e9b6f03d42798b9a5be25f2b5eadbabbe72
code/csf_jobs/11c_analyse_repeated_sentence_partitions.sbatch,1369,85577c40c68a95ddb0dda1b1a9c2b09562457490ba7059552076b2ec69a72cfc
code/csf_jobs/12a_smoke_fixed_session_channel_loss.sbatch,2587,8311edb30a97ffae45d405d272a2823d536a625ec4d64ce0716bad85a44e4288
code/csf_jobs/12b_run_fixed_session_channel_loss.sbatch,3022,eb151b678e19f824f19d099251576211932426c9d999ababe1961b9279b6df9d
code/csf_jobs/12c_analyse_fixed_session_channel_loss.sbatch,1475,614681028d63021e9dbc393cd290831d26511378634ae011488e460af35d7f24
code/csf_jobs/13a_extract_first_fixation_512.sbatch,2780,f896cc4a6b7df9654be5095704b6e3408df9ac268958c509749fa772a6118338
code/csf_jobs/13b_smoke_matched_fixation_ablation.sbatch,2326,76a6387e9d6a47027c16d329c35400ddba8376bdac790dae6751cfb737959295
code/csf_jobs/13c_run_matched_fixation_ablation.sbatch,2741,aff7410d275439383eb3ecbea99ea5d72f554924bbc5c28f5c346822dec446cf
code/csf_jobs/13d_analyse_matched_fixation_ablation.sbatch,1414,c96d8fa90f2cf4d5a0097d3ddf241e2112f87c73e496adf765f5f9d44b737498
code/csf_jobs/14_build_report_outputs.sbatch,1213,60e1637f93e259cb34cc163d9df47f30e27bf10f9a6e0455cbebd5599f4ecf13
code/data_preparation/export_zuco2_processed_channel_labels.py,9185,19ddcb5e94939490a45bc9e59dfaa61af3fe8a30b020ddfc181a3a27270c4fbb
code/data_preparation/extract_zuco2_diagnostic_all_fixations_concat.py,14959,5c05d69546056af299e48125499e7825ebe7a09cb94f34706106db956b33e7d4
code/data_preparation/extract_zuco2_diagnostic_first_fixation_timeseries.py,13560,85425f75d3a4ec94b70bb5f24baa8495ae6f983bf362db9331c920b4662d295c
code/data_preparation/validate_zuco2_complete_inventory.py,7776,0579a3e9b3932ccf4a2839ba9cee6385ffc84ad39a4a4ecebb9f93955b9a9caf
code/models/__init__.py,1,01ba4719c80b6fe911b091a7c05124b64eeece964e09c058ef8f9805daca546b
code/models/run_eegnet_diagnostic_all_fixations_classification.py,26983,cb1503329041942281db6bf6b1c5e149a5d6f1ba16b64eeadb5a4c548ba3f420
code/models/run_eegnet_diagnostic_all_fixations_extra_splits.py,20966,a0dd571557083d7d7f5034777c115a831f283e9d008312ead83a62bd1d7ea706
code/models/run_eegnet_diagnostic_classification.py,23044,5b682994dde4a2438978c320fbfbc8fffeaec691fe023ed13e2f127a6d8f9767
code/models/run_eegnet_diagnostic_mixed_subject.py,14020,2d8d4ed7bc0488be50f9cdee435e3abd858d1a777c257be0ba96e82d5e7a6e2d
code/models/run_eegnet_diagnostic_subject_dependent.py,12317,338320c53c18c77eed56dfa77e4f175ae3105485445bba6136abe93743cdc9de
code/models/run_eegnet_fixed_session_channel_loss_all_fixations.py,19645,14711b8731fa0786d9c6a8ca5f77154639f433b7b8602b7aeec58507352b3048
code/models/run_eegnet_matched_fixation_ablation.py,13377,12d30d88ae90e17b58f3e2ac0b952ef7fc1c3bfa37798eec1c65ef33330a1d23
code/models/run_eegnet_official_pair_block_dropout_all_fixations.py,20653,7453b080ce0ac6193b1df1c4effc58ffb9c07ffaf7e93af59bd31366d5af6b69
code/models/run_linear_diagnostic_classification.py,24131,bde1848963e33159165d99e527e29462fed3739e916d83df09eb8d5ad916fe31
code/models/run_original_time_repeated_sentence_partitions_loso.py,361,ba512ceac6546c6eee5e88196f0586cd20373bfda736f3967ad853df8996d4f0
code/models/run_original_time_subject_sentence_disjoint_loso.py,21468,2ddeee0c9d1e18e3252c01128552b3c09590bcb3570c252c207eab4448217519
code/models/run_tcn_diagnostic_all_fixations_classification.py,14998,0837a6e84e7fdfc6e3c0ad1dad2667fd30bd32dc2d997585b5cac624f911c7aa
code/run_pipeline.py,6992,f88cdb762f2c873e86fa4d809da720b836b33f2b677d32935d48be3d533b9b8e
code/verify_repository.py,4472,e7fdc97e7cf24d05ebc5ea995154b20d8504164258c5942cf4ef5b3fd9f9b862
config/environment.yml,221,3e9bae6ca7e08d59ca32b87f659e62272e0ad18e3baee6ac733a412345811f3e
config/requirements.txt,76,e3451a07e767591a329f7fe2278aa947ab7753fae254d8acfca1b8ce988f8d74
documentation/DATA_AVAILABILITY.txt,791,ee45e5f7545f44dc55fde032a2e5ccc1f62c956fb48e236ba141579b8f7240e4
documentation/REPRODUCTION_GUIDE.txt,3770,8f4a0cf15002ccbfaa0f9d14161553468f82c0ea8c434fee9bcdf881c2341b54
documentation/TECHNICAL_APPENDIX.txt,2585,10ed971c06122e46718c5ca535ab7c9a86f2a297420dbc53d4a3a4fb6803ddff
README.md,3708,70824b2c1800bc8c02220ee27fccc3f1b08ae919f83d5de757bbf54e6ad2edf7
results/EXPERIMENT_REGISTRY.csv,2727,f14d9438d4cfa0f97c9c47eb27a63d490219b423d1d6ec9ea7fca7a42cec7ce1
results/final_subject_level/main_loso_supporting_metrics.csv,1534,b66ecd534f52726de0b8a4c5b2d0845c014c3358134ec400b7346b879994f33e
results/final_subject_level/main_no_dropout.csv,2875,40fe0c7e53fb91f04b85dd5b046a9f2fc0fb8d4b3a9ac9b701f21afe523094f8
results/final_subject_level/non_eeg_controls.csv,579,217ff328c330f29f36b70de682c71e5466921cd84f1c7b1d9c1f6fdf132ee4b4
results/final_subject_level/paired_comparisons.csv,635,5eb6910b7d3e16e1319e1a05d8820ef347f3098f1d0718b25425f16a4b86cf5b
results/final_subject_level/per_class.csv,934,51b5955c35e05112c1a8cdd77b29b06082d4b6fb6bcac2fef97584589c0fa91a
results/final_subject_level/structured_dropout.csv,5167,46945d85118224fed2ded7cd409d049a1db1d626405faf7a1e91ffa1191c20ab
results/final_subject_level/workflow10_grouped_validation_comparison.csv,727,87ca7612c4cbc5063e9ebdcfd47a4e3351424480af7ae6e79ac7e07757820b77
results/final_subject_level/workflow10_grouped_validation_subjects.csv,2930,3f36765cc3c517dc7e135e011eb602f3a208ad39b37db02810d0a35a70c388a4
results/final_subject_level/workflow11_repeated_sentence_partitions_folds.csv,1623,b8b8e0dabd5b8f449855dbc0110c5b2125f7a69030480bce2c711caab93100d2
results/final_subject_level/workflow11_repeated_sentence_partitions_runs.csv,5995,0bff91bfe7b5dd1dbfe7b8a56cbeddb226ef9d1f62b3b166ff3a9e727a13cc01
results/final_subject_level/workflow11_repeated_sentence_partitions_subjects.csv,5287,577cb339b9d1ad709f7ccbe4948926205b48271f9461883d6985205318c23e19
results/final_subject_level/workflow12_fixed_session_channel_loss_subjects.csv,15215,ffba38eba5df919321e1a2658cb1d1abf85328a8256e55f09387a5761456de92
results/final_subject_level/workflow12_fixed_session_channel_loss_summary.csv,3407,a9b7c83bc8df232edf6b8d158c8fca6a25ac74eb2f448ddf1b9a172454c557a6
results/final_subject_level/workflow13_matched_fixation_conditions.csv,1349,1c4e42259b1c557f4dccf867e668b6f9bf23d1eeaee165c1560993f8197f07b4
results/final_subject_level/workflow13_matched_fixation_paired_comparisons.csv,1103,911402edecc60f9dc70fe48f860f8082c47bb0df22500fb370b3b0bf0fc21158
results/final_subject_level/workflow13_matched_fixation_subjects.csv,6805,1ca748d682838e84fc9df151fee4e9071430a4a5b5fde1bbbc5aa00d8855216c
