representation,target,test_subject,n_model_seeds,accuracy,balanced_accuracy,macro_f1
all_fixations,coarse_pos,YAC,5,0.2170795306388527,0.2268619268784123,0.1327860090332619
all_fixations,coarse_pos,YAG,5,0.3040096715696151,0.23911524945146168,0.20646367143916183
all_fixations,coarse_pos,YAK,5,0.26959942775393414,0.2365797942880677,0.17482569547587118
all_fixations,coarse_pos,YDG,5,0.28014814814814815,0.24624753347389688,0.2090240542505121
all_fixations,coarse_pos,YDR,5,0.2750429307384087,0.2380032782808641,0.18661557695659373
all_fixations,coarse_pos,YFR,5,0.29471066907775767,0.2170483244475053,0.20277972318789975
all_fixations,coarse_pos,YFS,5,0.24172282449457955,0.22850623676582119,0.17927887628853437
all_fixations,coarse_pos,YHS,5,0.23525701671397034,0.2191627640947252,0.14009427922125323
all_fixations,coarse_pos,YIS,5,0.23885321100917428,0.2610103563306229,0.1911436994000624
all_fixations,coarse_pos,YLS,5,0.26441893830703017,0.23781239452877873,0.21184178095972728
all_fixations,coarse_pos,YMD,5,0.3134245488796351,0.2539370788651605,0.21247415984592144
all_fixations,coarse_pos,YMS,5,0.27303030303030307,0.24893740038623074,0.2008842759999923
all_fixations,coarse_pos,YRH,5,0.2664642561413194,0.22324950699930812,0.1780680592551227
all_fixations,coarse_pos,YRK,5,0.29960092417559336,0.24035055022563948,0.1838468574313271
all_fixations,coarse_pos,YRP,5,0.2539891205802357,0.22936335734882682,0.21053337483248366
all_fixations,coarse_pos,YSD,5,0.282877009995654,0.2510204458605364,0.20981124302317816
all_fixations,coarse_pos,YSL,5,0.28285185185185185,0.2400910715346963,0.210761900525334
all_fixations,coarse_pos,YTL,5,0.3202637192165988,0.24559693544111952,0.23174577178204311
all_fixations,content_function,YAC,5,0.305019556714472,0.5517342793906088,0.30290789361746395
all_fixations,content_function,YAG,5,0.5790449325005038,0.5893162386007678,0.5485505552388112
all_fixations,content_function,YAK,5,0.4613733905579399,0.5813093453273364,0.4506216726890096
all_fixations,content_function,YDG,5,0.6648888888888889,0.598974549234254,0.5658120860934244
all_fixations,content_function,YDR,5,0.498282770463652,0.5807574315611699,0.4853640868430917
all_fixations,content_function,YFR,5,0.5408679927667269,0.5448910735376676,0.5176051834335392
all_fixations,content_function,YFS,5,0.4666276003515969,0.5609343152015662,0.45392568177731124
all_fixations,content_function,YHS,5,0.3727530747398297,0.5486506266745789,0.3716116959162217
all_fixations,content_function,YIS,5,0.6268348623853213,0.6701486378284973,0.5592581068060424
all_fixations,content_function,YLS,5,0.6474892395982783,0.5833367761439202,0.5699791273518097
all_fixations,content_function,YMD,5,0.49835415427325,0.5955758096350194,0.4957411156165688
all_fixations,content_function,YMS,5,0.662943722943723,0.6144937551315528,0.5965092085483372
all_fixations,content_function,YRH,5,0.5215567209494895,0.5597446838833535,0.4973133254243406
all_fixations,content_function,YRK,5,0.47208569628229363,0.5973237652549634,0.4690181197419845
all_fixations,content_function,YRP,5,0.6276065276518586,0.5817523931992186,0.5664518582803455
all_fixations,content_function,YSD,5,0.5954802259887007,0.6268764495045331,0.548635812392426
all_fixations,content_function,YSL,5,0.6235925925925926,0.5924129301382748,0.5791624081147678
all_fixations,content_function,YTL,5,0.6238510762070971,0.5996162458932471,0.5803523104002386
first_fixation,coarse_pos,YAC,5,0.22940026075619296,0.22563847264478776,0.14830641808552486
first_fixation,coarse_pos,YAG,5,0.2886157565988314,0.2229668058275316,0.20530775095513784
first_fixation,coarse_pos,YAK,5,0.280758226037196,0.21985286820666028,0.17391697371819154
first_fixation,coarse_pos,YDG,5,0.24938271604938272,0.21708962515454816,0.19742566345002305
first_fixation,coarse_pos,YDR,5,0.259988551803091,0.2122968179867298,0.17584363709309508
first_fixation,coarse_pos,YFR,5,0.24339963833634717,0.19622138647678944,0.18599758188811938
first_fixation,coarse_pos,YFS,5,0.2099033108702022,0.19912692860884704,0.15417256468594692
first_fixation,coarse_pos,YHS,5,0.22964364553768526,0.20780437811175076,0.14816733539873606
first_fixation,coarse_pos,YIS,5,0.22284403669724767,0.22256866252664276,0.1700519007645156
first_fixation,coarse_pos,YLS,5,0.22682926829268296,0.2211817633917929,0.1835026754236929
first_fixation,coarse_pos,YMD,5,0.2622645250842752,0.21536349310935066,0.17434088455649036
first_fixation,coarse_pos,YMS,5,0.22744588744588742,0.21823508543490666,0.17461174648292124
first_fixation,coarse_pos,YRH,5,0.24465912227435824,0.21426549366122466,0.17570475953120032
first_fixation,coarse_pos,YRK,5,0.2704473850031507,0.2197395381634693,0.17654116292502894
first_fixation,coarse_pos,YRP,5,0.23041704442429736,0.20811147674292507,0.1903722111304776
first_fixation,coarse_pos,YSD,5,0.21794871794871798,0.22086815707470606,0.19074509658747588
first_fixation,coarse_pos,YSL,5,0.2346296296296296,0.20835072530640292,0.18182707344060978
first_fixation,coarse_pos,YTL,5,0.29447353112274577,0.2174898315584212,0.2027121670594143
first_fixation,content_function,YAC,5,0.3241199478487614,0.53558227345721,0.3185643346920902
first_fixation,content_function,YAG,5,0.4777352407817852,0.5310233861098043,0.46339180041063066
first_fixation,content_function,YAK,5,0.45114449213161667,0.5356164140152146,0.4364522918931524
first_fixation,content_function,YDG,5,0.6907654320987653,0.5486821748508464,0.5352247240700925
first_fixation,content_function,YDR,5,0.46119061247853466,0.5383189894217931,0.4479367897879004
first_fixation,content_function,YFR,5,0.4862115732368896,0.4929090344853776,0.46761066103713655
first_fixation,content_function,YFS,5,0.4578376794608848,0.512961256950345,0.4346516008538224
first_fixation,content_function,YHS,5,0.476316619362977,0.5338418658179138,0.44638442727191274
first_fixation,content_function,YIS,5,0.5468348623853211,0.5764442433272803,0.4832862347595988
first_fixation,content_function,YLS,5,0.6042563366810139,0.5285787706816023,0.5136744053376706
first_fixation,content_function,YMD,5,0.4802696807455879,0.536724918776591,0.4688877614631271
first_fixation,content_function,YMS,5,0.5451082251082251,0.5394276262299476,0.4989324106541032
first_fixation,content_function,YRH,5,0.5040022081148219,0.536550319197542,0.47353835799958643
first_fixation,content_function,YRK,5,0.3951270741440874,0.5418073752884044,0.3900641759533732
first_fixation,content_function,YRP,5,0.5478241160471441,0.5153058832076733,0.4974721801309344
first_fixation,content_function,YSD,5,0.6136462407648848,0.5713751844823951,0.5341847441592714
first_fixation,content_function,YSL,5,0.5971851851851852,0.5240025429845154,0.5133928588557419
first_fixation,content_function,YTL,5,0.5635446965289896,0.5459884212091006,0.524225746118419
