target,test_subject,loss_rate,n_removed_channels,actual_removed_fraction,n_model_seeds,masks_per_subject_per_model_seed,accuracy,balanced_accuracy,macro_f1
coarse_pos,YAC,0.0,0,0.0,5,1,0.2170795306388527,0.2268619268784123,0.1327860090332619
coarse_pos,YAC,0.1,10,0.09523809523809523,5,20,0.21307040417209908,0.22456445306422407,0.127380273115349
coarse_pos,YAC,0.25,26,0.24761904761904763,5,20,0.20828552803129075,0.22206194737509294,0.12007464320776243
coarse_pos,YAC,0.5,52,0.49523809523809526,5,20,0.1985560625814863,0.21585680883921293,0.10376361387336563
coarse_pos,YAG,0.0,0,0.0,5,1,0.3040096715696151,0.23911524945146168,0.20646367143916183
coarse_pos,YAG,0.1,10,0.09523809523809523,5,20,0.30246826516220027,0.23857371152606377,0.20224117783947504
coarse_pos,YAG,0.25,26,0.24761904761904763,5,20,0.30006447713076767,0.2358033275247038,0.19485386346897643
coarse_pos,YAG,0.5,52,0.49523809523809526,5,20,0.28544227281885953,0.22553520145120626,0.1639970916848463
coarse_pos,YAK,0.0,0,0.0,5,1,0.26959942775393414,0.2365797942880677,0.17482569547587118
coarse_pos,YAK,0.1,10,0.09523809523809523,5,20,0.26658798283261803,0.23445014107371792,0.16827699514221583
coarse_pos,YAK,0.25,26,0.24761904761904763,5,20,0.26070100143061514,0.22865378071807313,0.1538300607529936
coarse_pos,YAK,0.5,52,0.49523809523809526,5,20,0.24368383404864086,0.21661558262510386,0.12111074499253763
coarse_pos,YDG,0.0,0,0.0,5,1,0.28014814814814815,0.24624753347389688,0.2090240542505121
coarse_pos,YDG,0.1,10,0.09523809523809523,5,20,0.28246172839506173,0.24580205190861476,0.20705084087084208
coarse_pos,YDG,0.25,26,0.24761904761904763,5,20,0.283758024691358,0.24566574262246293,0.20368220998924577
coarse_pos,YDG,0.5,52,0.49523809523809526,5,20,0.27110370370370374,0.23877307649901908,0.18229044480250822
coarse_pos,YDR,0.0,0,0.0,5,1,0.2750429307384087,0.2380032782808641,0.18661557695659373
coarse_pos,YDR,0.1,10,0.09523809523809523,5,20,0.2714224384659416,0.23425238136752982,0.1795355548766568
coarse_pos,YDR,0.25,26,0.24761904761904763,5,20,0.2670492272467086,0.22991261180267863,0.16933690454033262
coarse_pos,YDR,0.5,52,0.49523809523809526,5,20,0.256067544361763,0.21936252520125077,0.13886103495400764
coarse_pos,YFR,0.0,0,0.0,5,1,0.29471066907775767,0.2170483244475053,0.20277972318789975
coarse_pos,YFR,0.1,10,0.09523809523809523,5,20,0.29726943942133816,0.21750340674508517,0.20277282109204728
coarse_pos,YFR,0.25,26,0.24761904761904763,5,20,0.30301989150090414,0.21899448412404268,0.2014301827290205
coarse_pos,YFR,0.5,52,0.49523809523809526,5,20,0.3074367088607595,0.21811547372973208,0.19094195658972452
coarse_pos,YFS,0.0,0,0.0,5,1,0.24172282449457955,0.22850623676582119,0.17927887628853437
coarse_pos,YFS,0.1,10,0.09523809523809523,5,20,0.24472897743920305,0.2280164399566335,0.17858123493562425
coarse_pos,YFS,0.25,26,0.24761904761904763,5,20,0.24766481101670085,0.22927649504777342,0.17339000221810014
coarse_pos,YFS,0.5,52,0.49523809523809526,5,20,0.2494257251684735,0.2256442665331721,0.1608038858930112
coarse_pos,YHS,0.0,0,0.0,5,1,0.23525701671397034,0.2191627640947252,0.14009427922125323
coarse_pos,YHS,0.1,10,0.09523809523809523,5,20,0.23287606433301802,0.2168897412070819,0.13247141840247295
coarse_pos,YHS,0.25,26,0.24761904761904763,5,20,0.2303311258278146,0.2153760100646121,0.12227340467200527
coarse_pos,YHS,0.5,52,0.49523809523809526,5,20,0.22025859350362662,0.2074788936654687,0.09528252032873245
coarse_pos,YIS,0.0,0,0.0,5,1,0.23885321100917428,0.2610103563306229,0.1911436994000624
coarse_pos,YIS,0.1,10,0.09523809523809523,5,20,0.23685550458715596,0.25910501489358617,0.18681679807508034
coarse_pos,YIS,0.25,26,0.24761904761904763,5,20,0.23278899082568807,0.25372115517589605,0.17711891207506655
coarse_pos,YIS,0.5,52,0.49523809523809526,5,20,0.21605963302752293,0.24082612260423047,0.14812190883286286
coarse_pos,YLS,0.0,0,0.0,5,1,0.26441893830703017,0.23781239452877873,0.21184178095972728
coarse_pos,YLS,0.1,10,0.09523809523809523,5,20,0.2671018651362984,0.23768853012343866,0.21191199006244835
coarse_pos,YLS,0.25,26,0.24761904761904763,5,20,0.2721616451458632,0.23726405579836424,0.20955599143588904
coarse_pos,YLS,0.5,52,0.49523809523809526,5,20,0.2755380200860832,0.23452668574016405,0.20113138093443145
coarse_pos,YMD,0.0,0,0.0,5,1,0.3134245488796351,0.2539370788651605,0.21247415984592144
coarse_pos,YMD,0.1,10,0.09523809523809523,5,20,0.31414832441007345,0.2533330601704293,0.20947858784933598
coarse_pos,YMD,0.25,26,0.24761904761904763,5,20,0.3121752924846321,0.24944222292349197,0.2009147876265931
coarse_pos,YMD,0.5,52,0.49523809523809526,5,20,0.30780884394209795,0.23890790064489678,0.17826060224387702
coarse_pos,YMS,0.0,0,0.0,5,1,0.27303030303030307,0.24893740038623074,0.2008842759999923
coarse_pos,YMS,0.1,10,0.09523809523809523,5,20,0.2738051948051948,0.24780277371921478,0.19808279222468905
coarse_pos,YMS,0.25,26,0.24761904761904763,5,20,0.27770346320346323,0.2467811652900178,0.19383525500629306
coarse_pos,YMS,0.5,52,0.49523809523809526,5,20,0.27679437229437226,0.23843844574925535,0.1774368105729979
coarse_pos,YRH,0.0,0,0.0,5,1,0.2664642561413194,0.22324950699930812,0.1780680592551227
coarse_pos,YRH,0.1,10,0.09523809523809523,5,20,0.2665166988683411,0.22250972055007995,0.1748687187725864
coarse_pos,YRH,0.25,26,0.24761904761904763,5,20,0.2676704388628209,0.2214786266063562,0.1741219718889776
coarse_pos,YRH,0.5,52,0.49523809523809526,5,20,0.264943417057687,0.21932156518269594,0.16207723577088246
coarse_pos,YRK,0.0,0,0.0,5,1,0.29960092417559336,0.24035055022563948,0.1838468574313271
coarse_pos,YRK,0.1,10,0.09523809523809523,5,20,0.2972715816005041,0.23786587088781047,0.17733133697807882
coarse_pos,YRK,0.25,26,0.24761904761904763,5,20,0.2897101449275362,0.23116871844170114,0.1604723325108786
coarse_pos,YRK,0.5,52,0.49523809523809526,5,20,0.27572568788069735,0.21762060086662477,0.1291137745772789
coarse_pos,YRP,0.0,0,0.0,5,1,0.2539891205802357,0.22936335734882682,0.21053337483248366
coarse_pos,YRP,0.1,10,0.09523809523809523,5,20,0.2597960108794197,0.2333859923434216,0.21215333672649983
coarse_pos,YRP,0.25,26,0.24761904761904763,5,20,0.2689755213055304,0.23537757677158194,0.21164193665771283
coarse_pos,YRP,0.5,52,0.49523809523809526,5,20,0.2755099728014506,0.23522007038494283,0.19680957939976063
coarse_pos,YSD,0.0,0,0.0,5,1,0.282877009995654,0.2510204458605364,0.20981124302317816
coarse_pos,YSD,0.1,10,0.09523809523809523,5,20,0.281006084311169,0.2482659486875262,0.20616947018981685
coarse_pos,YSD,0.25,26,0.24761904761904763,5,20,0.2782877009995654,0.2447365022348414,0.19843028093773069
coarse_pos,YSD,0.5,52,0.49523809523809526,5,20,0.2707996523250761,0.23809011046011133,0.18193471014572313
coarse_pos,YSL,0.0,0,0.0,5,1,0.28285185185185185,0.2400910715346963,0.210761900525334
coarse_pos,YSL,0.1,10,0.09523809523809523,5,20,0.29067592592592595,0.2415915238765026,0.21183500051654244
coarse_pos,YSL,0.25,26,0.24761904761904763,5,20,0.3014759259259259,0.24276872757324588,0.21192275583884784
coarse_pos,YSL,0.5,52,0.49523809523809526,5,20,0.32152777777777775,0.24021542418648578,0.20070191286120537
coarse_pos,YTL,0.0,0,0.0,5,1,0.3202637192165988,0.24559693544111952,0.23174577178204311
coarse_pos,YTL,0.1,10,0.09523809523809523,5,20,0.3216947837890246,0.24532898442857282,0.2285512821857579
coarse_pos,YTL,0.25,26,0.24761904761904763,5,20,0.3266550319953461,0.2465092629989869,0.22542743985549257
coarse_pos,YTL,0.5,52,0.49523809523809526,5,20,0.32471010277293,0.2399638413643323,0.20335535158446333
content_function,YAC,0.0,0,0.0,5,1,0.305019556714472,0.5517342793906088,0.30290789361746395
content_function,YAC,0.1,10,0.09523809523809523,5,20,0.3076629726205997,0.5520602898767616,0.305121780395751
content_function,YAC,0.25,26,0.24761904761904763,5,20,0.3070664928292047,0.5503335042633466,0.3038729590970101
content_function,YAC,0.5,52,0.49523809523809526,5,20,0.2965710560625815,0.5465732273713971,0.2925024189760717
content_function,YAG,0.0,0,0.0,5,1,0.5790449325005038,0.5893162386007678,0.5485505552388112
content_function,YAG,0.1,10,0.09523809523809523,5,20,0.566060850292162,0.5878918954326058,0.5399669015785012
content_function,YAG,0.25,26,0.24761904761904763,5,20,0.5513741688494862,0.5849309370181434,0.5290813048369329
content_function,YAG,0.5,52,0.49523809523809526,5,20,0.4883376989723957,0.5703745444074073,0.4773630353086881
content_function,YAK,0.0,0,0.0,5,1,0.4613733905579399,0.5813093453273364,0.4506216726890096
content_function,YAK,0.1,10,0.09523809523809523,5,20,0.45397711015736764,0.5792648342495419,0.44431882965157216
content_function,YAK,0.25,26,0.24761904761904763,5,20,0.43897711015736773,0.5744557054805929,0.4318025085465467
content_function,YAK,0.5,52,0.49523809523809526,5,20,0.38678469241773966,0.5601052695874285,0.38027959570008807
content_function,YDG,0.0,0,0.0,5,1,0.6648888888888889,0.598974549234254,0.5658120860934244
content_function,YDG,0.1,10,0.09523809523809523,5,20,0.6546592592592593,0.5983303830532507,0.5599353988112181
content_function,YDG,0.25,26,0.24761904761904763,5,20,0.6321061728395063,0.6000852376846773,0.5509113612489995
content_function,YDG,0.5,52,0.49523809523809526,5,20,0.5800617283950618,0.5940052173769368,0.5175521612973977
content_function,YDR,0.0,0,0.0,5,1,0.498282770463652,0.5807574315611699,0.4853640868430917
content_function,YDR,0.1,10,0.09523809523809523,5,20,0.4850829994275901,0.5782576700558009,0.4745159142559747
content_function,YDR,0.25,26,0.24761904761904763,5,20,0.4654464796794505,0.5738372918877592,0.457597239135649
content_function,YDR,0.5,52,0.49523809523809526,5,20,0.4026388093875215,0.5581828534912647,0.39861338976306354
content_function,YFR,0.0,0,0.0,5,1,0.5408679927667269,0.5448910735376676,0.5176051834335392
content_function,YFR,0.1,10,0.09523809523809523,5,20,0.5349344484629295,0.5448242097882037,0.5138224295978382
content_function,YFR,0.25,26,0.24761904761904763,5,20,0.521500904159132,0.5433032315241528,0.5028731676764264
content_function,YFR,0.5,52,0.49523809523809526,5,20,0.4854498191681736,0.5413995236923854,0.47456952872405955
content_function,YFS,0.0,0,0.0,5,1,0.4666276003515969,0.5609343152015662,0.45392568177731124
content_function,YFS,0.1,10,0.09523809523809523,5,20,0.46060064459419864,0.5598883323643845,0.44909348553416367
content_function,YFS,0.25,26,0.24761904761904763,5,20,0.43990917081746267,0.5561894146057869,0.4316648992577708
content_function,YFS,0.5,52,0.49523809523809526,5,20,0.4210958101377088,0.5522790200199752,0.41441419437742855
content_function,YHS,0.0,0,0.0,5,1,0.3727530747398297,0.5486506266745789,0.3716116959162217
content_function,YHS,0.1,10,0.09523809523809523,5,20,0.35601072216966256,0.5455329251407096,0.35422743511839927
content_function,YHS,0.25,26,0.24761904761904763,5,20,0.32794071270892455,0.5386020661379943,0.3234784543230905
content_function,YHS,0.5,52,0.49523809523809526,5,20,0.28717439293598235,0.5263744942547337,0.2739063552668125
content_function,YIS,0.0,0,0.0,5,1,0.6268348623853213,0.6701486378284973,0.5592581068060424
content_function,YIS,0.1,10,0.09523809523809523,5,20,0.612394495412844,0.6670999425956384,0.5498005379864477
content_function,YIS,0.25,26,0.24761904761904763,5,20,0.5813463302752294,0.6596829845109824,0.5288925315428378
content_function,YIS,0.5,52,0.49523809523809526,5,20,0.5012866972477064,0.6375670613069985,0.4718677478820119
content_function,YLS,0.0,0,0.0,5,1,0.6474892395982783,0.5833367761439202,0.5699791273518097
content_function,YLS,0.1,10,0.09523809523809523,5,20,0.6396915351506456,0.5796122941735276,0.5635398718183302
content_function,YLS,0.25,26,0.24761904761904763,5,20,0.6331635581061692,0.5760950240460734,0.5566359146490075
content_function,YLS,0.5,52,0.49523809523809526,5,20,0.6179029172644668,0.5697123995606396,0.5444479263167141
content_function,YMD,0.0,0,0.0,5,1,0.49835415427325,0.5955758096350194,0.4957411156165688
content_function,YMD,0.1,10,0.09523809523809523,5,20,0.49701566527860397,0.5946899655341574,0.4931101956118802
content_function,YMD,0.25,26,0.24761904761904763,5,20,0.487083085465001,0.5911461562817842,0.48272090002248175
content_function,YMD,0.5,52,0.49523809523809526,5,20,0.45321435653380926,0.5782018289547075,0.4458695845763928
content_function,YMS,0.0,0,0.0,5,1,0.662943722943723,0.6144937551315528,0.5965092085483372
content_function,YMS,0.1,10,0.09523809523809523,5,20,0.6495064935064935,0.6145063858767668,0.5901695980975523
content_function,YMS,0.25,26,0.24761904761904763,5,20,0.639,0.6131456905957451,0.5833371165262407
content_function,YMS,0.5,52,0.49523809523809526,5,20,0.5917619047619047,0.609766731237143,0.5551308208583582
content_function,YRH,0.0,0,0.0,5,1,0.5215567209494895,0.5597446838833535,0.4973133254243406
content_function,YRH,0.1,10,0.09523809523809523,5,20,0.5262572453767597,0.5594121336982901,0.4990824809243172
content_function,YRH,0.25,26,0.24761904761904763,5,20,0.519881313828319,0.557930109780481,0.49432219787198556
content_function,YRH,0.5,52,0.49523809523809526,5,20,0.5079878553684791,0.5547324210808704,0.4828353301129903
content_function,YRK,0.0,0,0.0,5,1,0.47208569628229363,0.5973237652549634,0.4690181197419845
content_function,YRK,0.1,10,0.09523809523809523,5,20,0.4741251837849192,0.5961721689900102,0.4688964747245718
content_function,YRK,0.25,26,0.24761904761904763,5,20,0.44259819365679476,0.581641244232492,0.4343715128150133
content_function,YRK,0.5,52,0.49523809523809526,5,20,0.3963180004200798,0.5622120870598322,0.3853501333790349
content_function,YRP,0.0,0,0.0,5,1,0.6276065276518586,0.5817523931992186,0.5664518582803455
content_function,YRP,0.1,10,0.09523809523809523,5,20,0.6083454215775159,0.5795735659766124,0.5572782926900685
content_function,YRP,0.25,26,0.24761904761904763,5,20,0.5911151405258387,0.5786404877333486,0.5485629317387918
content_function,YRP,0.5,52,0.49523809523809526,5,20,0.5357320942883046,0.5703547677829652,0.5115572545498057
content_function,YSD,0.0,0,0.0,5,1,0.5954802259887007,0.6268764495045331,0.548635812392426
content_function,YSD,0.1,10,0.09523809523809523,5,20,0.5866340721425466,0.6239426962541289,0.5422562425730558
content_function,YSD,0.25,26,0.24761904761904763,5,20,0.5719122120817037,0.6189007836109355,0.5314226427145531
content_function,YSD,0.5,52,0.49523809523809526,5,20,0.5256497175141244,0.6059899588867805,0.4973951888508633
content_function,YSL,0.0,0,0.0,5,1,0.6235925925925926,0.5924129301382748,0.5791624081147678
content_function,YSL,0.1,10,0.09523809523809523,5,20,0.617512962962963,0.5938917531481158,0.5771487347610861
content_function,YSL,0.25,26,0.24761904761904763,5,20,0.6053962962962963,0.5989206059911256,0.5752001036175771
content_function,YSL,0.5,52,0.49523809523809526,5,20,0.5510685185185185,0.5903258166341412,0.5342590691869467
content_function,YTL,0.0,0,0.0,5,1,0.6238510762070971,0.5996162458932471,0.5803523104002386
content_function,YTL,0.1,10,0.09523809523809523,5,20,0.611588132635253,0.5984067541464164,0.5729963336443165
content_function,YTL,0.25,26,0.24761904761904763,5,20,0.5940159007174713,0.5972321969046863,0.5620740352616973
content_function,YTL,0.5,52,0.49523809523809526,5,20,0.5333488462284273,0.5855111621382878,0.5135928432233481
